{
	"AlgoMap255BrLevel": {
		"sectionone": [0.006667,1.993],
		"sectiontwo": [0.05034,-194.6],
		"sectionthree": [0.01292307692,61.50276923],
		"sectionkeypoint": [4501,6848]
	},
	"LcmMapAlgoBrLevel": [
		[1,1],
		[2,76],
		[3,226],
		[4,376],
		[5,526],
		[6,676],
		[7,826],
		[8,976],
		[9,1125],
		[10,1275],
		[11,1425],
		[12,1575],
		[13,1725],
		[14,1875],
		[15,2025],
		[16,2175],
		[17,2325],
		[18,2475],
		[19,2625],
		[20,2775],
		[21,2925],
		[22,3075],
		[23,3225],
		[24,3375],
		[25,3525],
		[26,3675],
		[27,3825],
		[28,3975],
		[29,4125],
		[30,4275],
		[31,4425],
		[32,4511],
		[33,4531],
		[34,4551],
		[35,4570],
		[36,4590],
		[37,4610],
		[38,4630],
		[39,4650],
		[40,4670],
		[41,4690],
		[42,4710],
		[43,4729],
		[44,4749],
		[45,4769],
		[46,4789],
		[47,4809],
		[48,4829],
		[49,4849],
		[50,4868],
		[51,4888],
		[52,4908],
		[53,4928],
		[54,4948],
		[55,4968],
		[56,4988],
		[57,5008],
		[58,5027],
		[59,5047],
		[60,5067],
		[61,5087],
		[62,5107],
		[63,5127],
		[64,5147],
		[65,5166],
		[66,5186],
		[67,5206],
		[68,5226],
		[69,5246],
		[70,5266],
		[71,5286],
		[72,5305],
		[73,5325],
		[74,5345],
		[75,5365],
		[76,5385],
		[77,5405],
		[78,5425],
		[79,5445],
		[80,5464],
		[81,5484],
		[82,5504],
		[83,5524],
		[84,5544],
		[85,5564],
		[86,5584],
		[87,5603],
		[88,5623],
		[89,5643],
		[90,5663],
		[91,5683],
		[92,5703],
		[93,5723],
		[94,5743],
		[95,5762],
		[96,5782],
		[97,5802],
		[98,5822],
		[99,5842],
		[100,5862],
		[101,5882],
		[102,5901],
		[103,5921],
		[104,5941],
		[105,5961],
		[106,5981],
		[107,6001],
		[108,6021],
		[109,6040],
		[110,6060],
		[111,6080],
		[112,6100],
		[113,6120],
		[114,6140],
		[115,6160],
		[116,6180],
		[117,6199],
		[118,6219],
		[119,6239],
		[120,6259],
		[121,6279],
		[122,6299],
		[123,6319],
		[124,6338],
		[125,6358],
		[126,6378],
		[127,6398],
		[128,6418],
		[129,6438],
		[130,6458],
		[131,6478],
		[132,6497],
		[133,6517],
		[134,6537],
		[135,6557],
		[136,6577],
		[137,6597],
		[138,6617],
		[139,6636],
		[140,6656],
		[141,6676],
		[142,6696],
		[143,6716],
		[144,6736],
		[145,6756],
		[146,6775],
		[147,6795],
		[148,6815],
		[149,6835],
		[150,6885],
		[151,6964],
		[152,7041],
		[153,7119],
		[154,7196],
		[155,7273],
		[156,7351],
		[157,7428],
		[158,7506],
		[159,7583],
		[160,7660],
		[161,7738],
		[162,7815],
		[163,7892],
		[164,7970],
		[165,8047],
		[166,8125],
		[167,8202],
		[168,8279],
		[169,8357],
		[170,8434],
		[171,8511],
		[172,8589],
		[173,8666],
		[174,8744],
		[175,8821],
		[176,8898],
		[177,8976],
		[178,9053],
		[179,9131],
		[180,9208],
		[181,9285],
		[182,9363],
		[183,9440],
		[184,9517],
		[185,9595],
		[186,9672],
		[187,9750],
		[188,9827],
		[189,9904],
		[190,9982],
		[191,10059],
		[192,10136],
		[193,10214],
		[194,10291],
		[195,10369],
		[196,10446],
		[197,10523],
		[198,10601],
		[199,10678],
		[200,10756],
		[201,10833],
		[202,10910],
		[203,10988],
		[204,11065],
		[205,11142],
		[206,11220],
		[207,11297],
		[208,11375],
		[209,11452],
		[210,11529],
		[211,11607],
		[212,11684],
		[213,11761],
		[214,11839],
		[215,11916],
		[216,11994],
		[217,12071],
		[218,12148],
		[219,12226],
		[220,12303],
		[221,12381],
		[222,12458],
		[223,12535],
		[224,12613],
		[225,12690],
		[226,12767],
		[227,12845],
		[228,12922],
		[229,13000],
		[230,13077],
		[231,13154],
		[232,13232],
		[233,13309],
		[234,13386],
		[235,13464],
		[236,13541],
		[237,13619],
		[238,13696],
		[239,13773],
		[240,13851],
		[241,13928],
		[242,14006],
		[243,14083],
		[244,14160],
		[245,14238],
		[246,14315],
		[247,14392],
		[248,14470],
		[249,14547],
		[250,14625],
		[251,14702],
		[252,14779],
		[253,14857],
		[254,14934],
		[255,14973]
	]
}
