{
	"ramperbrightness": {
		"sectiondown": [
			[-2.092920635,4627.18454],
			[-3.218751592,6364.341707],
			[-4.48609901,7722.938139],
			[-6.392506329,9381.512506],
			[-8.9264,11185.6448],
			[-12.2106,13228.4172],
			[-19.14397377,16764.43782],
			[-29.78938366,21544.22687],
			[-34.18724695,23474.88885],
			[-35.0521125,23844.18644],
			[-41.24057143,26288.62771],
			[-36.5715,24477.028],
			[-38.8557,25335.8872],
			[-58.00335294,32152.45165],
			[-67.48457143,35205.404],
			[-66.44314286,34899.224],
			[-83.21014286,39593.984],
			[-158.994625,59752.65625],
			[-120.2,50054],
			[-86.03571429,41683.75],
			[-119.68,48984.56],
			[-130.5,51062],
			[-29.09459459,35242.75676]
		],
		"section_downpoint": [1543,1072,870,712,622,510,449,439,427,395,388,376,356,322,294,280,266,250,245,217,192,156,8],
		"section_down_min_step": [29,19,14,10,7,5,4,3,5,5,4,5,4,3,3,3,2,1,2,2,2,2,6],
		"sectiondowngapminone": 20,
		"sectiondowngapmintwo": 80,
		"sectiondownkeybr": 449,
		"downlcmFlickValue": 2,
		"uptotaltime": 2800,
		"uplimmitcount": 25,
		"section_uppoint": [444,1293],
		"quickupstep": [40,75,76],
		"quickupgap": [20,0,0],
		"quickdownstep": [5,8,12,65],
		"quickdowngap": [40,40,30,20],
		"quick_sectionpoint": [995,563,356,21],
		"pemtotaltime": 10000
	}
}
